{"cameraMode":{"drawMode":0,"name":"Shaded","section":"Shading Mode"},"sceneLighting":true,"audioPlay":false,"sceneViewState":{"m_AlwaysRefresh":false,"showFog":true,"showSkybox":true,"showFlares":true,"showImageEffects":true,"showParticleSystems":true,"showVisualEffectGraphs":true,"m_FxEnabled":true},"in2DMode":false,"pivot":{"x":-0.0384993702173233,"y":0.1061134934425354,"z":0.020941060036420823},"rotation":{"x":0.1680908352136612,"y":0.7152794003486633,"z":-0.18416522443294526,"w":0.6528466939926148},"size":0.3829989731311798,"orthographic":true}