{"cameraMode":{"drawMode":0,"name":"Shaded","section":"Shading Mode"},"sceneLighting":true,"audioPlay":false,"sceneViewState":{"m_AlwaysRefresh":false,"showFog":true,"showSkybox":true,"showFlares":true,"showImageEffects":true,"showParticleSystems":true,"showVisualEffectGraphs":true,"m_FxEnabled":true},"in2DMode":false,"pivot":{"x":220.41824340820313,"y":1204.022705078125,"z":202.955322265625},"rotation":{"x":0.15615873038768769,"y":-0.09259959310293198,"z":0.014706323854625225,"w":0.9832720160484314},"size":1308.421142578125,"orthographic":false}