{"cameraMode":{"drawMode":0,"name":"Shaded","section":"Shading Mode"},"sceneLighting":false,"audioPlay":false,"sceneViewState":{"m_AlwaysRefresh":false,"showFog":true,"showSkybox":false,"showFlares":true,"showImageEffects":true,"showParticleSystems":true,"showVisualEffectGraphs":true,"m_FxEnabled":true},"in2DMode":false,"pivot":{"x":554.9874877929688,"y":1258.983154296875,"z":146.59609985351563},"rotation":{"x":0.08386385440826416,"y":0.02988973818719387,"z":-0.0025154126342386009,"w":0.996029257774353},"size":921.5250854492188,"orthographic":false}